INS,COMMUNE,LAT,LONG,CODPOSS
41002,AALST,50.93333333,4.033333333,9300
44001,AALTER,51.08333333,3.433333333,9880
24001,AARSCHOT,50.98333333,4.816666667,3200
11001,AARTSELAAR,51.13333333,4.383333333,2630
23105,AFFLIGEM,50.9,4.1,1790
52074,AISEAU-PRESLES,50.4,4.583333333,6250
73001,ALKEN,50.86666667,5.3,3570
38002,ALVERINGEM,51,2.7,8690
61003,AMAY,50.53333333,5.316666667,4540
63001,AMEL,50.35,6.166666667,4770
92003,ANDENNE,50.48333333,5.1,5300
21001,ANDERLECHT,50.83333333,4.3,1070
56001,ANDERLUES,50.4,4.266666667,6150
91005,ANHEE,50.3,4.866666667,5537
62003,ANS,50.65,5.516666667,4430
61079,ANTHISNES,50.46666667,5.516666667,4160
57003,ANTOING,50.56666667,3.45,7640
11002,ANTWERPEN,51.2,4.4,2000
34002,ANZEGEM,50.81666667,3.466666667,8570
37020,ARDOOIE,50.96666667,3.183333333,8850
13001,ARENDONK,51.31666667,5.083333333,2370
81001,ARLON,49.68333333,5.816666667,6700
71002,AS,51,5.583333333,3665
23002,ASSE,50.9,4.183333333,1730
43002,ASSENEDE,51.21666667,3.75,9960
92006,ASSESSE,50.36666667,5.016666667,5330
51004,ATH,50.61666667,3.766666667,7800
81003,ATTERT,49.75,5.783333333,6717
81004,AUBANGE,50,5.8,6790
63003,AUBEL,50.7,5.85,4880
34003,AVELGEM,50.76666667,3.433333333,8580
62006,AWANS,50.65,5.45,4340
62009,AYWAILLE,50.46666667,5.666666667,4920
13002,BAARLE-HERTOG,51.43333333,4.916666667,2387
63004,BAELEN,50.61666667,5.966666667,4837
13003,BALEN,51.16666667,5.166666667,2490
62011,BASSENGE,50.75,5.6,4690
82003,BASTOGNE,50,5.7,6600
56005,BEAUMONT,50.23333333,4.233333333,6500
91013,BEAURAING,50.1,4.95,5570
25005,BEAUVECHAIN,50.76666667,4.766666667,1320
31003,BEERNEM,51.13333333,3.333333333,8730
13004,BEERSE,51.31666667,4.85,2340
23003,BEERSEL,50.76666667,4.3,1650
24007,BEGIJNENDIJK,51.01666667,4.766666667,3130
24008,BEKKEVOORT,50.93333333,4.966666667,3460
51008,BELOEIL,50.55,3.733333333,7970
71004,BERINGEN,51.03333333,5.216666667,3580
12002,BERLAAR,51.11666667,4.65,2590
42003,BERLARE,51.01666667,4,9290
64008,BERLOZ,51,5.2,4257
51009,BERNISSART,50.46666667,3.65,7320
24009,BERTEM,50.85,4.616666667,3060
82005,BERTOGNE,50.08333333,5.666666667,6687
84009,BERTRIX,49.85,5.25,6880
23009,BEVER,50.71666667,3.933333333,1547
46003,BEVEREN,51.2,4.25,9120
62015,BEYNE-HEUSAY,50.61666667,5.65,4610
24011,BIERBEEK,50.81666667,4.75,3360
91015,BIEVRE,49.93333333,5.016666667,5555
73006,BILZEN,50.86666667,5.516666667,3740
56011,BINCHE,50.4,4.15,7130
31004,BLANKENBERGE,51.3,3.116666667,8370
62119,BLEGNY,50.66666667,5.716666667,4670
72003,BOCHOLT,51.16666667,5.566666667,3950
11004,BOECHOUT,51,4.483333333,2530
12005,BONHEIDEN,51.01666667,4.533333333,2820
11005,BOOM,51.08333333,4.366666667,2850
24014,BOORTMEERBEEK,50.96666667,4.566666667,3190
73009,BORGLOON,50.8,5.333333333,3840
12007,BORNEM,51.08333333,4.233333333,2880
11007,BORSBEEK,51.18333333,4.483333333,2150
84010,BOUILLON,49.78333333,5.066666667,6830
53014,BOUSSU,50.43333333,3.783333333,7300
24016,BOUTERSEM,50.83333333,4.816666667,3370
25014,BRAINE-L'ALLEUD,50.66666667,4.366666667,1420
25015,BRAINE-LE-CHATEAU,50.66666667,4.266666667,1440
55004,BRAINE-LE-COMTE,50.6,4.133333333,7090
64015,BRAIVES,50.61666667,5.133333333,4260
45059,BRAKEL,50.8,3.75,9660
11008,BRASSCHAAT,51.28333333,4.483333333,2930
11009,BRECHT,51.35,4.633333333,2960
35002,BREDENE,51,2.966666667,8450
72004,BREE,51,5.583333333,3960
51012,BRUGELETTE,50.58333333,3.85,7940
31005,BRUGGE,51.2,3.216666667,8000
57093,BRUNEHAUT,50.5,3.4,7620
21004,BRUSSEL,51,4.35,1000
63012,BUELLINGEN,50.4,6.25,4760
63013,BUETGENBACH,50.41666667,6.2,4750
42004,BUGGENHOUT,51,4.2,9255
61010,BURDINNE,50.58333333,5.066666667,4210
63087,BURG-REULAND,50.18333333,6.133333333,4790
57018,CELLES,50.7,3.45,7760
93010,CERFONTAINE,50.16666667,4.4,5630
52010,CHAPELLE-LEZ-HERLAIMONT,50.46666667,4.283333333,7160
52011,CHARLEROI,50.4,4.433333333,6000
25117,CHASTRE,50.6,4.633333333,1450
52012,CHATELET,50.4,4.516666667,6200
62022,CHAUDFONTAINE,50.58333333,5.633333333,4050
25018,CHAUMONT-GISTOUX,50.66666667,4.716666667,1325
51014,CHIEVRES,50.58333333,3.8,7950
56016,CHIMAY,50.05,4.3,6460
85007,CHINY,49.73333333,5.333333333,6810
91030,CINEY,50.28333333,5.1,5590
61012,CLAVIER,50.4,5.35,4560
53082,COLFONTAINE,50.4,3.85,7340
62026,COMBLAIN-AU-PONT,50.46666667,5.566666667,4170
54010,COMINES-WARNETON,50.76666667,3,7780
52015,COURCELLES,50.45,4.35,6180
25023,COURT-SAINT-ETIENNE,50.63333333,4.566666667,1490
93014,COUVIN,50.05,4.483333333,5660
64021,CRISNEE,50.71666667,5.383333333,4367
62027,DALHEM,50.7,5.716666667,4606
31006,DAMME,51.25,3.283333333,8340
84016,DAVERDISSE,50.01666667,5.116666667,6929
35029,DE HAAN,51.26666667,3.016666667,8420
38008,DE PANNE,51.08333333,2.583333333,8660
44012,DE PINTE,50.98333333,3.65,9840
34009,DEERLIJK,50.85,3.35,8540
44011,DEINZE,50.98333333,3.516666667,9800
41011,DENDERLEEUW,50.88333333,4.083333333,9470
42006,DENDERMONDE,51.01666667,4.1,9200
37002,DENTERGEM,50.95,3.416666667,8720
13006,DESSEL,51.23333333,5.1,2480
44013,DESTELBERGEN,51.05,3.8,9070
71011,DIEPENBEEK,50.9,5.416666667,3590
24020,DIEST,50.98333333,5.05,3290
32003,DIKSMUIDE,51.03333333,2.85,8600
23016,DILBEEK,50.83333333,4.25,1700
72041,DILSEN-STOKKEM,51.03333333,5.716666667,3650
91034,DINANT,50.25,4.9,5500
63020,DISON,50.6,5.85,4820
93018,DOISCHE,50.13333333,4.733333333,5680
64023,DONCEEL,50.63333333,5.316666667,4357
53020,DOUR,50.38333333,3.766666667,7370
23098,DROGENBOS,50.78333333,4.316666667,1620
12009,DUFFEL,51.08333333,4.5,2570
83012,DURBUY,50.35,5.45,6940
55050,ECAUSSINNES,50.56666667,4.166666667,7190
11013,EDEGEM,51.15,4.433333333,2650
43005,EEKLO,51.18333333,3.566666667,9900
92035,EGHEZEE,50.58333333,4.9,5310
51017,ELLEZELLES,50.73333333,3.666666667,7890
21009,ELSENE,50.81666667,4.366666667,1050
55010,ENGHIEN,50.68333333,4.033333333,7850
61080,ENGIS,50.56666667,5.4,4480
83013,EREZEE,50.28333333,5.55,6997
41082,ERPE-MERE,50.93333333,3.966666667,9420
56022,ERQUELINNES,50.3,4.1,6560
62032,ESNEUX,50.53333333,5.566666667,4130
11016,ESSEN,51.45,4.45,2910
57027,ESTAIMPUIS,50.7,3.25,7730
56085,ESTINNES,50.38333333,4.083333333,7120
85009,ETALLE,49.66666667,5.6,6740
21005,ETTERBEEK,50.81666667,4.383333333,1040
63023,EUPEN,50.61666667,6.033333333,4700
21006,EVERE,50.86666667,4.4,1140
44019,EVERGEM,51.1,3.7,9940
64076,FAIMES,50.65,5.25,4317
52018,FARCIENNES,50.41666667,4.55,6240
82009,FAUVILLERS,49.85,5.666666667,6637
92138,FERNELMONT,50.53333333,4.966666667,5380
61019,FERRIERES,50.38333333,5.6,4190
64025,FEXHE-LE-HAUT-CLOCHER,50.66666667,5.383333333,4347
62120,FLEMALLE,50.6,5.466666667,4400
62038,FLERON,50.61666667,5.683333333,4620
52021,FLEURUS,50.48333333,4.55,6220
51019,FLOBECQ,50.73333333,3.733333333,7880
92045,FLOREFFE,50.43333333,4.75,5150
93022,FLORENNES,50.25,4.6,5620
85011,FLORENVILLE,49.7,5.3,6820
52022,FONTAINE-L'EVEQUE,50.4,4.316666667,6140
92048,FOSSES-LA-VILLE,50.38333333,4.683333333,5070
53028,FRAMERIES,50.4,3.883333333,7080
51065,FRASNES-LEZ-ANVAING,50.66666667,3.616666667,7910
56029,FROIDCHAPELLE,50.15,4.316666667,6440
23023,GALMAARDEN,50.75,3.966666667,1570
21008,GANSHOREN,50.86666667,4.3,1083
44020,GAVERE,50.91666667,3.65,9890
91054,GEDINNE,49.96666667,4.933333333,5575
13008,GEEL,51.15,4.983333333,2440
64029,GEER,50.66666667,5.166666667,4250
24028,GEETBETS,50.88333333,5.116666667,3450
92142,GEMBLOUX,50.55,4.683333333,5030
25031,GENAPPE,50.6,4.45,1470
71016,GENK,50.95,5.5,3600
44021,GENT,51,3.716666667,9000
41018,GERAARDSBERGEN,50.76666667,3.883333333,9500
52025,GERPINNES,50.33333333,4.516666667,6280
92054,GESVES,50.4,5.066666667,5340
71017,GINGELOM,50.75,5.133333333,3890
35005,GISTEL,51.15,2.966666667,8470
24137,GLABBEEK,50.86666667,4.933333333,3380
23024,GOOIK,50.78333333,4.116666667,1755
82037,GOUVY,50.18333333,5.933333333,6670
62118,GRACE-HOLLOGNE,50.63333333,5.5,4460
25037,GREZ-DOICEAU,50.73333333,4.683333333,1390
23025,GRIMBERGEN,50.93333333,4.366666667,1850
13010,GROBBENDONK,51.18333333,4.733333333,2280
24033,HAACHT,50.96666667,4.633333333,3150
41024,HAALTERT,51,4,9450
85046,HABAY,49.71666667,5.65,6720
71020,HALEN,50.93333333,5.1,3545
23027,HALLE,50.73333333,4.233333333,1500
71069,HAM,51.1,5.166666667,3945
56086,HAM-SUR-HEURE-NALINNES,50.31666667,4.383333333,6120
42008,HAMME,51.08333333,4.133333333,9220
61024,HAMOIR,50.41666667,5.533333333,4180
91059,HAMOIS,50.33333333,5.15,5360
72037,HAMONT-ACHEL,51.25,5.533333333,3930
64034,HANNUT,50.66666667,5.066666667,4280
34013,HARELBEKE,50.85,3.3,8530
71022,HASSELT,50.91666667,5.333333333,3500
91142,HASTIERE,50.21666667,4.816666667,5540
91064,HAVELANGE,50.38333333,5.233333333,5370
72038,HECHTEL-EKSEL,51.11666667,5.35,3940
73022,HEERS,50.75,5.3,3870
12014,HEIST-OP-DEN-BERG,51.06666667,4.716666667,2220
25118,HELECINE,50.75,4.983333333,1357
11018,HEMIKSEM,51.13333333,4.333333333,2620
53039,HENSIES,50.43333333,3.666666667,7350
84029,HERBEUMONT,49.76666667,5.233333333,6887
24038,HERENT,50.9,4.666666667,3020
13011,HERENTALS,51.16666667,4.833333333,2200
13012,HERENTHOUT,51.13333333,4.75,2270
71024,HERK-DE-STAD,50.93333333,5.166666667,3540
23032,HERNE,50.71666667,4.016666667,1540
61028,HERON,50.55,5.083333333,4217
13013,HERSELT,51.05,4.866666667,2230
62051,HERSTAL,50.65,5.616666667,4040
73028,HERSTAPPE,50.71666667,5.416666667,3717
63035,HERVE,50.63333333,5.783333333,4650
41027,HERZELE,50.88333333,3.883333333,9550
71070,HEUSDEN-ZOLDER,51.03333333,5.266666667,3550
33039,HEUVELLAND,50.78333333,2.816666667,8950
24041,HOEGAARDEN,50.76666667,4.883333333,3320
23033,HOEILAART,50.76666667,4.466666667,1560
73032,HOESELT,50.85,5.483333333,3730
24043,HOLSBEEK,50.91666667,4.75,3220
53083,HONNELLES,50.33333333,3.733333333,7387
36006,HOOGLEDE,50.96666667,3.066666667,8830
13014,HOOGSTRATEN,51.4,4.75,2320
45062,HOREBEKE,50.83333333,3.683333333,9667
83028,HOTTON,50.26666667,5.433333333,6990
82014,HOUFFALIZE,50.13333333,5.783333333,6660
72039,HOUTHALEN-HELCHTEREN,51.01666667,5.366666667,3530
32006,HOUTHULST,50.96666667,2.95,8650
91072,HOUYET,50.18333333,5,5560
11021,HOVE,51.15,4.466666667,2540
24045,HULDENBERG,50.78333333,4.583333333,3040
13016,HULSHOUT,51.06666667,4.783333333,2235
61031,HUY,50.51666667,5.233333333,4500
35006,ICHTEGEM,51.08333333,3,8480
33011,IEPER,50.85,2.883333333,8900
25043,INCOURT,50.68333333,4.8,1315
36007,INGELMUNSTER,50.91666667,3.25,8770
25044,ITTRE,50.65,4.25,1460
36008,IZEGEM,50.91666667,3.2,8870
31012,JABBEKE,51.18333333,3.083333333,8490
63038,JALHAY,50.55,5.95,4845
92140,JEMEPPE-SUR-SAMBRE,50.46666667,4.666666667,5190
21010,JETTE,50.86666667,4.333333333,1090
25048,JODOIGNE,51,4.866666667,1370
62060,JUPRELLE,50.7,5.516666667,4450
53044,JURBISE,50.53333333,3.9,7050
11022,KALMTHOUT,51.38333333,4.466666667,2920
23038,KAMPENHOUT,50.93333333,4.55,1910
23039,KAPELLE-OP-DEN-BOS,51,4.35,1880
11023,KAPELLEN,51.3,4.416666667,2950
43007,KAPRIJKE,51.21666667,3.616666667,9970
13017,KASTERLEE,51.23333333,4.966666667,2460
24048,KEERBERGEN,51,4.616666667,3140
63040,KELMIS,50.71666667,6,4720
72018,KINROOI,51.13333333,5.733333333,3640
45060,KLUISBERGEN,50.76666667,3.483333333,9690
44029,KNESSELARE,51.13333333,3.4,9910
31043,KNOKKE-HEIST,51.33333333,3.283333333,8300
32010,KOEKELARE,51.08333333,2.966666667,8680
21011,KOEKELBERG,50.85,4.316666667,1081
38014,KOKSIJDE,51.11666667,2.633333333,8670
11024,KONTICH,51.13333333,4.433333333,2550
32011,KORTEMARK,51.01666667,3.033333333,8610
24054,KORTENAKEN,50.9,5.05,3470
24055,KORTENBERG,50.88333333,4.533333333,3070
73040,KORTESSEM,50.85,5.383333333,3720
34022,KORTRIJK,50.81666667,3.266666667,8500
23099,KRAAINEM,50.85,4.466666667,1950
46013,KRUIBEKE,51.16666667,4.3,9150
45017,KRUISHOUTEM,50.9,3.516666667,9770
34023,KUURNE,50.85,3.283333333,8520
92141,LA BRUYERE,50.55,4.8,5080
25050,LA HULPE,50.71666667,4.483333333,1310
55022,LA LOUVIERE,50.46666667,4.183333333,7100
83031,LA ROCHE-EN-ARDENNE,50.18333333,5.566666667,6980
13053,LAAKDAL,51.06666667,5.016666667,2430
42010,LAARNE,51.01666667,3.85,9270
73042,LANAKEN,50.88333333,5.65,3620
24059,LANDEN,50.75,5.066666667,3400
33040,LANGEMARK-POELKAPELLE,50.9,2.916666667,8920
25119,LASNE,50.68333333,4.483333333,1380
55035,LE ROEULX,50.5,4.1,7070
42011,LEBBEKE,51,4.116666667,9280
41034,LEDE,50.96666667,3.966666667,9340
36010,LEDEGEM,50.85,3.116666667,8880
84033,LEGLISE,49.8,5.533333333,6860
34025,LENDELEDE,50.88333333,3.233333333,8860
23104,LENNIK,50.8,4.15,1750
53046,LENS,50.55,3.9,7870
71034,LEOPOLDSBURG,51.11666667,5.25,3970
52075,LES BONS VILLERS,50.53333333,4.433333333,6210
55023,LESSINES,50.7,3.816666667,7860
24062,LEUVEN,50.86666667,4.7,3000
57094,LEUZE-EN-HAINAUT,50.6,3.616666667,7900
84035,LIBIN,49.96666667,5.25,6890
84077,LIBRAMONT-CHEVIGNY,49.91666667,5.366666667,6800
36011,LICHTERVELDE,51.01666667,3.133333333,8810
23044,LIEDEKERKE,50.86666667,4.083333333,1770
62063,LIEGE,50.63333333,5.566666667,4000
12021,LIER,51.11666667,4.566666667,2500
45063,LIERDE,50.81666667,3.833333333,9570
63045,LIERNEUX,50.28333333,5.783333333,4990
13019,LILLE,51.23333333,4.816666667,2275
63046,LIMBOURG,50.61666667,5.933333333,4830
64047,LINCENT,50.7,5.016666667,4287
23100,LINKEBEEK,50.76666667,4.333333333,1630
11025,LINT,51.11666667,4.483333333,2547
24133,LINTER,50.83333333,5.033333333,3350
32030,LO-RENINGE,50.96666667,2.75,8647
56044,LOBBES,50.33333333,4.266666667,6540
44034,LOCHRISTI,51.08333333,3.833333333,9080
46014,LOKEREN,51.1,3.983333333,9160
72020,LOMMEL,51.21666667,5.3,3920
23045,LONDERZEEL,51,4.3,1840
63048,LONTZEN,50.66666667,6,4710
44036,LOVENDEGEM,51.08333333,3.6,9920
24066,LUBBEEK,50.86666667,4.833333333,3210
71037,LUMMEN,50.98333333,5.183333333,3560
45064,MAARKEDAL,50.81666667,3.65,9680
72021,MAASEIK,51.08333333,5.783333333,3680
73107,MAASMECHELEN,50.96666667,5.683333333,3630
23047,MACHELEN,50.9,4.433333333,1830
43010,MALDEGEM,51.2,3.433333333,9990
11057,MALLE,51.28333333,4.683333333,2390
63049,MALMEDY,50.41666667,6.016666667,4960
52043,MANAGE,50.5,4.233333333,7170
83055,MANHAY,50.28333333,5.666666667,6960
83034,MARCHE-EN-FAMENNE,50.21666667,5.333333333,6900
61039,MARCHIN,50.45,5.233333333,4570
81013,MARTELANGE,49.81666667,5.733333333,6630
12025,MECHELEN,51.01666667,4.466666667,2800
13021,MEERHOUT,51.11666667,5.066666667,2450
72040,MEEUWEN-GRUITRODE,51.08333333,5.516666667,3670
23050,MEISE,50.93333333,4.316666667,1860
85024,MEIX-DEVANT-VIRTON,49.6,5.466666667,6769
44040,MELLE,51,3.8,9090
34027,MENEN,50.78333333,3.116666667,8930
56049,MERBES-LE-CHATEAU,50.31666667,4.15,6567
23052,MERCHTEM,50.95,4.233333333,1785
44043,MERELBEKE,50.98333333,3.733333333,9820
13023,MERKSPLAS,51.35,4.85,2330
33016,MESEN,50.75,2.9,8957
81015,MESSANCY,49.58333333,5.816666667,6780
92087,METTET,50.31666667,4.65,5640
37007,MEULEBEKE,50.95,3.283333333,8760
35011,MIDDELKERKE,51.18333333,2.816666667,8430
61041,MODAVE,50.43333333,5.3,4577
44045,MOERBEKE,51.16666667,3.933333333,9180
13025,MOL,51.18333333,5.116666667,2400
56051,MOMIGNIES,50.01666667,4.166666667,6590
53053,MONS,50.45,3.933333333,7000
57095,MONT-DE-L'ENCLUS,50.73333333,3.5,7750
25068,MONT-SAINT-GUIBERT,50.63333333,4.6,1435
52048,MONTIGNY-LE-TILLEUL,50.36666667,4.366666667,6110
36012,MOORSLEDE,50.88333333,3.05,8890
56087,MORLANWELZ,50.45,4.233333333,7140
11029,MORTSEL,51.15,4.45,2640
54007,MOUSCRON,50.73333333,3.2,7700
85026,MUSSON,49.55,5.7,6750
92094,NAMUR,50.45,4.85,5000
61043,NANDRIN,51,5.416666667,4550
83040,NASSOGNE,50.11666667,5.333333333,6950
44048,NAZARETH,50.95,3.583333333,9810
72025,NEERPELT,51.21666667,5.433333333,3910
84043,NEUFCHATEAU,49.83333333,5.433333333,6840
62121,NEUPRE,50.53333333,5.483333333,4120
44049,NEVELE,51.03333333,3.55,9850
11030,NIEL,51.1,4.316666667,2845
71045,NIEUWERKERKEN,50.85,5.183333333,3850
38016,NIEUWPOORT,51.11666667,2.75,8620
12026,NIJLEN,51.15,4.666666667,2560
41048,NINOVE,50.83333333,4.016666667,9400
25072,NIVELLES,50.58333333,4.316666667,1400
92097,OHEY,50.43333333,5.116666667,5350
13029,OLEN,51.13333333,4.85,2250
63057,OLNE,50.58333333,5.75,4877
91103,ONHAYE,50.23333333,4.833333333,5520
35013,OOSTENDE,51.21666667,2.9,8400
44052,OOSTERZELE,50.93333333,3.8,9860
31022,OOSTKAMP,51.15,3.233333333,8020
37010,OOSTROZEBEKE,50.91666667,3.333333333,8780
71047,OPGLABBEEK,51.03333333,5.583333333,3660
23060,OPWIJK,50.96666667,4.183333333,1745
64056,OREYE,50.71666667,5.35,4360
25120,ORP-JAUCHE,50.7,4.983333333,1350
25121,OTTIGNIES-LOUVAIN-LA-NEUVE,50.66666667,4.566666667,1340
24086,OUD-HEVERLEE,50.83333333,4.65,3050
13031,OUD-TURNHOUT,51.31666667,4.966666667,2360
45035,OUDENAARDE,50.83333333,3.6,9700
35014,OUDENBURG,51.18333333,3,8460
21002,OUDERGEM,50.81666667,4.416666667,1160
61048,OUFFET,50.43333333,5.466666667,4590
62079,OUPEYE,50.7,5.65,4680
23062,OVERIJSE,50.76666667,4.533333333,3090
72029,OVERPELT,51.2,5.416666667,3900
84050,PALISEUL,49.9,5.133333333,6850
57062,PECQ,50.68333333,3.333333333,7740
72030,PEER,51.13333333,5.45,3990
23064,PEPINGEN,50.75,4.15,1670
63058,PEPINSTER,50.56666667,5.8,4860
57064,PERUWELZ,50.5,3.583333333,7600
25084,PERWEZ,50.61666667,4.8,1360
93056,PHILIPPEVILLE,50.18333333,4.533333333,5600
37011,PITTEM,50.98333333,3.266666667,8740
63088,PLOMBIERES,50.73333333,5.95,4850
52055,PONT-A-CELLES,50.5,4.35,6230
33021,POPERINGE,50.85,2.716666667,8970
92101,PROFONDEVILLE,50.36666667,4.866666667,5170
12029,PUTTE,51.05,4.616666667,2580
12030,PUURS,51.06666667,4.266666667,2870
53065,QUAREGNON,50.43333333,3.866666667,7390
53084,QUEVY,50.35,3.933333333,7040
53068,QUIEVRAIN,50.4,3.666666667,7380
63061,RAEREN,50.66666667,6.116666667,4730
25122,RAMILLIES,50.63333333,4.9,1367
11035,RANST,51.18333333,4.55,2520
13035,RAVELS,51.36666667,4.983333333,2380
25123,REBECQ,50.65,4.133333333,1430
64063,REMICOURT,50.66666667,5.316666667,4350
83044,RENDEUX,50.23333333,5.5,6987
13036,RETIE,51.26666667,5.083333333,2470
73066,RIEMST,50.8,5.6,3770
13037,RIJKEVORSEL,51.33333333,4.75,2310
25091,RIXENSART,50.7,4.516666667,1330
91114,ROCHEFORT,50.15,5.216666667,5580
36015,ROESELARE,50.93333333,3.116666667,8800
45041,RONSE,50.73333333,3.6,9600
23097,ROOSDAAL,50.83333333,4.066666667,1760
24094,ROTSELAAR,51,4.7,3110
85047,ROUVROY,50,5.483333333,6767
37012,RUISELEDE,51.03333333,3.383333333,8755
57072,RUMES,50.55,3.3,7610
11037,RUMST,51.06666667,4.416666667,2840
64065,SAINT-GEORGES-SUR-MEUSE,50.6,5.35,4470
53070,SAINT-GHISLAIN,50.43333333,3.816666667,7330
84059,SAINT-HUBERT,50.01666667,5.366666667,6870
85034,SAINT-LEGER,49.6,5.65,6747
62093,SAINT-NICOLAS,50.63333333,5.533333333,4420
82038,SAINTE-ODE,50.01666667,5.516666667,6680
92137,SAMBREVILLE,50.43333333,4.633333333,5060
63067,SANKT VITH,50.26666667,6.116666667,4780
21015,SCHAARBEEK,50.85,4.383333333,1030
11038,SCHELLE,51.11666667,4.333333333,2627
24134,SCHERPENHEUVEL-ZICHEM,50.96666667,4.966666667,3270
11039,SCHILDE,51.23333333,4.583333333,2970
11040,SCHOTEN,51.25,4.5,2900
52063,SENEFFE,50.51666667,4.25,7180
62096,SERAING,50.6,5.5,4100
55039,SILLY,50.63333333,3.916666667,7830
21003,SINT-AGATHA-BERCHEM,50.85,4.283333333,1082
12034,SINT-AMANDS,51.05,4.2,2890
23101,SINT-GENESIUS-RODE,50.73333333,4.35,1640
21013,SINT-GILLIS,50.81666667,4.333333333,1060
46020,SINT-GILLIS-WAAS,51.21666667,4.116666667,9170
21012,SINT-JANS-MOLENBEEK,50.85,4.316666667,1080
21014,SINT-JOOST-TEN-NODE,50.85,4.366666667,1210
12035,SINT-KATELIJNE-WAVER,51.06666667,4.533333333,2860
21018,SINT-LAMBRECHTS-WOLUWE,50.85,4.416666667,1200
43014,SINT-LAUREINS,51.23333333,3.516666667,9980
41063,SINT-LIEVENS-HOUTEM,50.91666667,3.85,9520
44064,SINT-MARTENS-LATEM,51.01666667,3.633333333,9830
46021,SINT-NIKLAAS,51.15,4.133333333,9100
23077,SINT-PIETERS-LEEUW,50.76666667,4.233333333,1600
21019,SINT-PIETERS-WOLUWE,50.81666667,4.45,1150
71053,SINT-TRUIDEN,50.8,5.183333333,3800
56088,SIVRY-RANCE,50.16666667,4.166666667,6470
55040,SOIGNIES,50.56666667,4.066666667,7060
92114,SOMBREFFE,50.51666667,4.6,5140
91120,SOMME-LEUZE,50.33333333,5.366666667,5377
62099,SOUMAGNE,50.6,5.733333333,4630
63072,SPA,50.48333333,5.866666667,4900
34043,SPIERE-HELKIJN,50.71666667,3.35,8587
62100,SPRIMONT,50.5,5.65,4140
11044,STABROEK,51.31666667,4.35,2940
36019,STADEN,50.96666667,3,8840
63073,STAVELOT,50.38333333,5.916666667,4970
23081,STEENOKKERZEEL,50.9,4.5,1820
46024,STEKENE,51.2,4.033333333,9190
63075,STOUMONT,50.4,5.8,4987
84068,TELLIN,50.06666667,5.216666667,6927
46025,TEMSE,51.11666667,4.2,9140
83049,TENNEVILLE,50.08333333,5.516666667,6970
23086,TERNAT,50.86666667,4.166666667,1740
24104,TERVUREN,50.81666667,4.5,3080
71057,TESSENDERLO,51.06666667,5.083333333,3980
63076,THEUX,50.53333333,5.8,4910
63089,THIMISTER-CLERMONT,50.65,5.85,4890
56078,THUIN,50.33333333,4.283333333,6530
37015,TIELT,51,3.316666667,8700
24135,TIELT-WINGE,50.93333333,4.9,3390
24107,TIENEN,50.8,4.933333333,3300
61081,TINLOT,50.46666667,5.366666667,4557
85039,TINTIGNY,49.68333333,5.5,6730
73083,TONGEREN,50.76666667,5.45,3700
31033,TORHOUT,51.05,3.1,8820
57081,TOURNAI,50.6,3.383333333,7500
24109,TREMELO,50.98333333,4.7,3120
63086,TROIS-PONTS,50.36666667,5.866666667,4980
62122,TROOZ,50.56666667,5.683333333,4870
25105,TUBIZE,50.68333333,4.2,1480
13040,TURNHOUT,51.31666667,4.933333333,2300
21016,UKKEL,50.8,4.333333333,1180
82036,VAUX-SUR-SURE,49.9,5.566666667,6640
61063,VERLAINE,50.6,5.316666667,4537
63079,VERVIERS,50.58333333,5.85,4800
38025,VEURNE,51.06666667,2.65,8630
82032,VIELSALM,50.28333333,5.9,6690
25107,VILLERS-LA-VILLE,50.56666667,4.516666667,1495
61068,VILLERS-LE-BOUILLET,50.56666667,5.25,4530
23088,VILVOORDE,50.91666667,4.416666667,1800
93090,VIROINVAL,50.06666667,4.533333333,5670
85045,VIRTON,49.56666667,5.533333333,6760
62108,VISE,50.73333333,5.683333333,4600
33041,VLETEREN,50.93333333,2.733333333,8640
73109,VOEREN,50.75,5.75,3790
13044,VORSELAAR,51.2,4.766666667,2290
21007,VORST,50.8,4.316666667,1190
13046,VOSSELAAR,51.3,4.883333333,2350
91143,VRESSE-SUR-SEMOIS,49.86666667,4.933333333,5550
44072,WAARSCHOOT,51.15,3.6,9950
42023,WAASMUNSTER,51.1,4.083333333,9250
44073,WACHTEBEKE,51.16666667,3.85,9185
63080,WAIMES,50.4,6.1,4950
93088,WALCOURT,50.25,4.416666667,5650
25124,WALHAIN,50.61666667,4.683333333,1457
61072,WANZE,50.53333333,5.2,4520
34040,WAREGEM,50.88333333,3.433333333,8790
64074,WAREMME,50.68333333,5.25,4300
64075,WASSEIGES,50.61666667,5,4219
25110,WATERLOO,50.71666667,4.383333333,1410
21017,WATERMAAL-BOSVOORDE,50.8,4.4,1170
25112,WAVRE,50.71666667,4.6,1300
63084,WELKENRAEDT,50.65,5.966666667,4840
73098,WELLEN,50.83333333,5.333333333,3830
84075,WELLIN,50.08333333,5.1,6920
23102,WEMMEL,50.9,4.3,1780
33029,WERVIK,50.76666667,3.033333333,8940
13049,WESTERLO,51.08333333,4.916666667,2260
42025,WETTEREN,51,3.883333333,9230
34041,WEVELGEM,50.8,3.183333333,8560
23103,WEZEMBEEK-OPPEM,50.83333333,4.483333333,1970
42026,WICHELEN,51,3.966666667,9260
37017,WIELSBEKE,50.9,3.366666667,8710
11050,WIJNEGEM,51.21666667,4.516666667,2110
12040,WILLEBROEK,51.05,4.35,2830
37018,WINGENE,51.05,3.266666667,8750
11052,WOMMELGEM,51.2,4.516666667,2160
45061,WORTEGEM-PETEGEM,50.83333333,3.55,9790
11053,WUUSTWEZEL,51.38333333,4.583333333,2990
91141,YVOIR,50.31666667,4.866666667,5530
11054,ZANDHOVEN,51.2,4.65,2240
23094,ZAVENTEM,50.88333333,4.466666667,1930
31040,ZEDELGEM,51.13333333,3.133333333,8210
42028,ZELE,51.06666667,4.033333333,9240
43018,ZELZATE,51.2,3.8,9060
23096,ZEMST,50.98333333,4.45,1980
45057,ZINGEM,50.9,3.65,9750
11055,ZOERSEL,51.26666667,4.7,2980
44080,ZOMERGEM,51.11666667,3.55,9930
71066,ZONHOVEN,50.98333333,5.366666667,3520
33037,ZONNEBEKE,50.86666667,2.983333333,8980
41081,ZOTTEGEM,50.86666667,3.8,9620
24130,ZOUTLEEUW,50.83333333,5.1,3440
31042,ZUIENKERKE,51.25,3.15,8377
44081,ZULTE,50.91666667,3.433333333,9870
71067,ZUTENDAAL,50.91666667,5.566666667,3690
45065,ZWALM,50.86666667,3.733333333,9630
34042,ZWEVEGEM,50.8,3.333333333,8550
11056,ZWIJNDRECHT,51.21666667,4.316666667,2070
